INSERT INTO utenti (id_utente, username, email, telefono, data_di_nascita)
VALUES
  (1, 'user1', 'user1@example.com', '1234567890', '2000-01-01'),
  (2, 'user2', 'user2@example.com', '9876543210', '1995-05-15'),
  (3, 'user3', 'user3@example.com', '5555555555', '1992-09-30'),
  (4, 'user4', 'user4@example.com', '1111111111', '1987-07-20'),
  (5, 'user5', 'user5@example.com', '7777777777', '1998-03-05'),
  (6, 'user6', 'user6@example.com', '9999999999', '1990-12-18'),
  (7, 'user7', 'user7@example.com', '3333333333', '2002-06-25'),
  (8, 'user8', 'user8@example.com', '4444444444', '1996-10-12'),
  (9, 'user9', 'user9@example.com', '2222222222', '1994-02-28'),
  (10, 'user10', 'user10@example.com', '8888888888', '1991-08-08'),
  (11, 'user11', 'user11@example.com', '6666666666', '2003-04-15'),
  (12, 'user12', 'user12@example.com', '5555555555', '1989-11-01'),
  (13, 'user13', 'user13@example.com', '7777777777', '1997-07-09'),
  (14, 'user14', 'user14@example.com', '4444444444', '1993-09-22'),
  (15, 'user15', 'user15@example.com', '3333333333', '2001-12-03'),
  (16, 'user16', 'user16@example.com', '9999999999', '1999-04-28'),
  (17, 'user17', 'user17@example.com', '1111111111', '1986-03-14'),
  (18, 'user18', 'user18@example.com', '6666666666', '1992-05-27'),
  (19, 'user19', 'user19@example.com', '2222222222', '1998-10-10'),
  (20, 'user20', 'user20@example.com', '8888888888', '2000-09-05'),
  (21, 'user21', 'user21@example.com', '1234567890', '1985-02-17'),
  (22, 'user22', 'user22@example.com', '5555555555', '1996-01-23'),
  (23, 'user23', 'user23@example.com', '4444444444', '2004-07-07'),
  (24, 'user24', 'user24@example.com', '7777777777', '1984-08-30'),
  (25, 'user25', 'user25@example.com', '3333333333', '1993-06-12'),
  (26, 'user26', 'user26@example.com', '2222222222', '1997-11-19'),
  (27, 'user27', 'user27@example.com', '8888888888', '2005-10-24'),
  (28, 'user28', 'user28@example.com', '1111111111', '1991-04-07'),
  (29, 'user29', 'user29@example.com', '6666666666', '1988-09-03'),
  (30, 'user30', 'user30@example.com', '9999999999', '1988-12-10');

INSERT INTO videogiochi (id_videogioco, nome, prezzo, data_di_rilascio)
VALUES
  (1, 'The Legend of Zelda: Breath of the Wild', 59.99, '2017-03-03'),
  (2, 'Red Dead Redemption 2', 49.99, '2018-10-26'),
  (3, 'The Witcher 3: Wild Hunt', 39.99, '2015-05-19'),
  (4, 'Grand Theft Auto V', 29.99, '2013-09-17'),
  (5, 'Super Mario Odyssey', 54.99, '2017-10-27'),
  (6, 'Dark Souls III', 44.99, '2016-04-12'),
  (7, 'Bloodborne', 39.99, '2015-03-24'),
  (8, 'Fallout 4', 39.99, '2015-11-10'),
  (9, 'Persona 5', 49.99, '2017-04-04'),
  (10, 'Horizon Zero Dawn', 49.99, '2017-02-28'),
  (11, 'The Elder Scrolls V: Skyrim', 39.99, '2011-11-11'),
  (12, 'Overwatch', 39.99, '2016-05-24'),
  (13, 'The Last of Us Part II', 59.99, '2020-06-19'),
  (14, 'Resident Evil 7: Biohazard', 29.99, '2017-01-24'),
  (15, 'Minecraft', 19.99, '2011-11-18'),
  (16, 'Uncharted 4: A Thiefs End', 49.99, '2016-05-10'),
  (17, 'Fortnite', 0.00, '2017-07-25'),
  (18, 'Cyberpunk 2077', 59.99, '2020-12-10'),
  (19, 'Sekiro: Shadows Die Twice', 49.99, '2019-03-22'),
  (20, 'Hollow Knight', 14.99, '2017-02-24'),
  (21, 'DOOM Eternal', 59.99, '2020-03-20'),
  (22, 'Celeste', 19.99, '2018-01-25'),
  (23, 'Super Smash Bros. Ultimate', 59.99, '2018-12-07'),
  (24, 'Among Us', 4.99, '2018-11-16'),
  (25, 'Animal Crossing: New Horizons', 59.99, '2020-03-20'),
  (26, 'Genshin Impact', 0.00, '2020-09-28'),
  (27, 'Stardew Valley', 14.99, '2016-02-26'),
  (28, 'Fall Guys: Ultimate Knockout', 19.99, '2020-08-04'),
  (29, 'Among Us', 4.99, '2018-11-16'),
  (30, 'Dead by Daylight', 19.99, '2016-06-14');

  INSERT INTO transazioni (id_transazioni, id_utente, id_videogioco, prezzo_acquisto, data_di_acquisto)
VALUES
  (1, 1, 1, 59.99, '2023-08-15'),
  (2, 2, 3, 39.99, '2023-08-14'),
  (3, 3, 6, 44.99, '2023-08-13'),
  (4, 4, 2, 49.99, '2023-08-12'),
  (5, 5, 5, 54.99, '2023-08-11'),
  (6, 6, 7, 39.99, '2023-08-10'),
  (7, 7, 9, 49.99, '2023-08-09'),
  (8, 8, 11, 39.99, '2023-08-08'),
  (9, 9, 13, 59.99, '2023-08-07'),
  (10, 10, 16, 49.99, '2023-08-06'),
  (11, 11, 18, 59.99, '2023-08-05'),
  (12, 12, 21, 39.99, '2023-08-04'),
  (13, 13, 24, 29.99, '2023-08-03'),
  (14, 14, 27, 0.00, '2023-08-02'),
  (15, 15, 30, 19.99, '2023-08-01'),
  (16, 16, 8, 39.99, '2023-07-31'),
  (17, 17, 12, 59.99, '2023-07-30'),
  (18, 18, 15, 19.99, '2023-07-29'),
  (19, 19, 19, 49.99, '2023-07-28'),
  (20, 20, 22, 14.99, '2023-07-27'),
  (21, 21, 25, 59.99, '2023-07-26'),
  (22, 22, 28, 19.99, '2023-07-25'),
  (23, 23, 1, 59.99, '2023-07-24'),
  (24, 24, 4, 29.99, '2023-07-23'),
  (25, 25, 6, 44.99, '2023-07-22'),
  (26, 26, 9, 49.99, '2023-07-21'),
  (27, 27, 11, 39.99, '2023-07-20'),
  (28, 28, 13, 59.99, '2023-07-19'),
  (29, 29, 16, 49.99, '2023-07-18'),
  (30, 30, 18, 59.99, '2023-07-17'),
  (31, 1, 21, 39.99, '2023-07-16'),
  (32, 2, 24, 29.99, '2023-07-15'),
  (33, 3, 27, 0.00, '2023-07-14'),
  (34, 4, 30, 19.99, '2023-07-13'),
  (35, 5, 8, 39.99, '2023-07-12'),
  (36, 6, 12, 59.99, '2023-07-11'),
  (37, 7, 15, 19.99, '2023-07-10'),
  (38, 8, 19, 49.99, '2023-07-09'),
  (39, 9, 22, 14.99, '2023-07-08'),
  (40, 10, 25, 59.99, '2023-07-07'),
  (41, 11, 28, 19.99, '2023-07-06'),
  (42, 12, 2, 49.99, '2023-07-05'),
  (43, 13, 6, 44.99, '2023-07-04'),
  (44, 14, 9, 49.99, '2023-07-03'),
  (45, 15, 13, 59.99, '2023-07-02'),
  (46, 16, 16, 49.99, '2023-07-01'),
  (47, 17, 18, 59.99, '2023-06-30'),
  (48, 18, 21, 39.99, '2023-06-29'),
  (49, 19, 24, 29.99, '2023-06-28'),
  (50, 20, 27, 0.00, '2023-06-27'),
  (100, 2, 2, 38.3, '2021-11-10'),
  (101, 2, 2, 38.3, '2021-11-10'),
  (102, 2, 2, 38.3, '2021-10-10');

  INSERT INTO libreria (id_elemento_libreria, id_utente, id_videogioco, tempo_di_gioco, recensione_numerica, recensione_scritta)
VALUES
  (1, 1, 1, '10:30:00', 4.5, 'Great game, enjoyed it a lot.'),
  (2, 2, 3, '15:45:00', 4.8, 'One of the best RPGs I've played.'),
  (3, 3, 6, '12:15:00', 4.2, 'Challenging and rewarding gameplay.'),
  (4, 4, 2, '8:20:00', 4.6, 'A fantastic open-world experience.'),
  (5, 5, 5, '20:10:00', 4.7, 'Mario never disappoints!'),
  (6, 6, 7, '6:30:00', 4.0, 'Dark and atmospheric.'),
  (7, 7, 9, '14:55:00', 4.5, 'Persona 5 is a masterpiece.'),
  (8, 8, 11, '11:40:00', 4.8, 'Endless adventures in Skyrim.'),
  (9, 9, 13, '18:25:00', 4.9, 'A brilliant and emotional journey.'),
  (10, 10, 16, '9:05:00', 4.7, 'Nathan Drake is back!'),
  (11, 11, 18, '7:50:00', 3.9, 'Cyberpunk has its moments.'),
  (12, 12, 21, '13:20:00', 4.1, 'Fast-paced and fun.'),
  (13, 13, 24, '5:40:00', 3.8, 'Horror at its finest.'),
  (14, 14, 27, '3:15:00', 4.2, 'A unique and creative experience.'),
  (15, 15, 30, '17:10:00', 4.6, 'Dead by Daylight never gets old.'),
  (16, 16, 8, '10:00:00', 4.3, 'Overwatch is a blast.'),
  (17, 17, 12, '8:35:00', 4.7, 'A thrilling adventure.'),
  (18, 18, 15, '14:00:00', 4.0, 'Exploring the wilderness in style.'),
  (19, 19, 19, '9:55:00', 4.4, 'Survival horror done right.'),
  (20, 20, 22, '6:45:00', 4.2, 'A challenging and rewarding journey.'),
  (21, 21, 25, '11:25:00', 4.5, 'Building my own world in Minecraft.'),
  (22, 22, 28, '16:30:00', 3.9, 'Falling and failing in Fall Guys.'),
  (23, 23, 1, '7:10:00', 4.8, 'Zelda is a legend.'),
  (24, 24, 4, '4:55:00', 3.7, 'A criminal's paradise.'),
  (25, 25, 6, '12:40:00', 4.0, 'Mastering the art of combat.'),
  (26, 26, 9, '8:00:00', 4.3, 'Persona 5 stole my heart.'),
  (27, 27, 11, '15:20:00', 4.6, 'Dovahkiin, Dragonborn!'),
  (28, 28, 13, '6:15:00', 4.7, 'The Last of Us Part II is a masterpiece.'),
  (29, 29, 16, '9:45:00', 4.5, 'Uncharted 4 delivers epic adventures.'),
  (30, 30, 18, '11:30:00', 4.4, 'Exploring Night City in Cyberpunk 2077.'),
  (31, 1, 21, '5:20:00', 4.0, 'Fast-paced action in DOOM Eternal.'),
  (32, 2, 24, '8:50:00', 4.1, 'Resident Evil 7 is terrifying.'),
  (33, 3, 27, '14:15:00', 3.8, 'Building and surviving in Fortnite.'),
  (34, 4, 30, '10:05:00', 4.3, 'Surviving and collaborating in Among Us.'),
  (35, 5, 8, '7:30:00', 4.2, 'Animal Crossing is pure relaxation.'),
  (36, 6, 12, '16:00:00', 4.6, 'Genshin Impact is visually stunning.'),
  (37, 7, 15, '6:55:00', 3.9, 'Farming and forging in Stardew Valley.'),
  (38, 8, 19, '11:55:00', 4.0, 'Crowning victors in Fall Guys.'),
  (39, 9, 22, '9:25:00', 4.1, 'Infiltrating and surviving in Among Us.'),
  (40, 10, 25, '14:50:00', 4.5, 'Building and exploring in Minecraft.'),
  (41, 11, 28, '10:35:00', 4.3, 'Falling and racing in Fall Guys.'),
  (42, 12, 2, '6:20:00', 4.7, 'Breath of the Wild is a masterpiece.'),
  (43, 13, 6, '13:45:00', 4.4, 'Bloodborne is challenging and rewarding.'),
  (44, 14, 9, '8:25:00', 4.2, 'Surviving high school in Persona 5.'),
  (45, 15, 13, '15:55:00', 4.1, 'Ellies journey is intense and emotional.'),
  (46, 16, 16, '9:30:00', 4.6, 'Nathan Drake is back in action.'),
  (47, 17, 18, '6:10:00', 4.5, 'Exploring the future in Cyberpunk 2077.'),
  (48, 18, 21, '14:25:00',



INSERT INTO libreria (id_elemento_libreria, id_utente, id_videogioco, tempo_di_gioco, recensione_numerica, recensione_scritta)
VALUES
  (1, 1, 1, '10:30:00', 4.5, 'Great game, enjoyed it a lot.'),
  (2, 2, 3, '15:45:00', 4.8, 'One of the best RPGs Ive played.'),
  (3, 3, 6, '12:15:00', NULL, NULL),
  (4, 4, 2, '8:20:00', 4.6, 'A fantastic open-world experience.'),
  (5, 5, 5, '20:10:00', NULL, NULL),
  (6, 6, 7, '6:30:00', NULL, NULL),
  (7, 7, 9, '14:55:00', 4.5, 'Persona 5 is a masterpiece.'),
  (8, 8, 11, '11:40:00', NULL, NULL),
  (9, 9, 13, '18:25:00', 4.9, 'A brilliant and emotional journey.'),
  (10, 10, 16, '9:05:00', NULL, NULL),
  (11, 11, 18, '7:50:00', '3.9', 'Cyberpunk has its moments.'),
  (12, 12, 21, '13:20:00', NULL, NULL),
  (13, 13, 24, '5:40:00', NULL, NULL),
  (14, 14, 27, '3:15:00', NULL, NULL),
  (15, 15, 30, '17:10:00', 4.6, 'Dead by Daylight never gets old.'),
  (16, 16, 8, '10:00:00', NULL, NULL),
  (17, 17, 12, '8:35:00', NULL, NULL),
  (18, 18, 15, '14:00:00', NULL, NULL),
  (19, 19, 19, '9:55:00', NULL, NULL),
  (20, 20, 22, '6:45:00', NULL, NULL),
  (21, 21, 25, '11:25:00', 4.5, 'Building my own world in Minecraft.'),
  (22, 22, 28, '16:30:00', NULL, NULL),
  (23, 23, 1, '7:10:00', 4.8, 'Zelda is a legend.'),
  (24, 24, 4, '4:55:00', NULL, NULL),
  (25, 25, 6, '12:40:00', NULL, NULL),
  (26, 26, 9, '8:00:00', NULL, NULL),
  (27, 27, 11, '15:20:00', NULL, NULL),
  (28, 28, 13, '6:15:00', 4.2, 'A unique and creative experience.'),
  (29, 29, 16, '9:45:00', NULL, NULL),
  (30, 30, 18, '11:30:00', NULL, NULL),
  (31, 1, 21, '5:20:00', 4.0, 'Fast-paced action in DOOM Eternal.'),
  (32, 2, 24, '8:50:00', NULL, NULL),
  (33, 3, 27, '14:15:00', 3.8, 'Building and surviving in Fortnite.'),
  (34, 4, 30, '10:05:00', NULL, NULL),
  (35, 5, 8, '7:30:00', NULL, NULL),
  (36, 6, 12, '16:00:00', NULL, NULL),
  (37, 7, 15, '6:55:00', NULL, NULL),
  (38, 8, 19, '11:55:00', 4.0, 'Crowning victors in Fall Guys.'),
  (39, 9, 22, '9:25:00', NULL, NULL),
  (40, 10, 25, '14:50:00', NULL, NULL),
  (41, 11, 28, '10:35:00', NULL, NULL),
  (42, 12, 2, '6:20:00', NULL, NULL),
  (43, 13, 6, '13:45:00', NULL, NULL),
  (44, 14, 9, '8:25:00', NULL, NULL),
  (45, 15, 13, '15:55:00', NULL, NULL),
  (46, 16, 16, '9:30:00', NULL, NULL),
  (47, 17, 18, '6:10:00', NULL, NULL),
  (48, 18, 21, '14:25:00', NULL, NULL),
  (49, 19, 24, '8:15:00', 4.1, 'Surviving and exploring in Resident Evil 7.'),
  (50, 20, 27, '13:30:00', NULL, NULL);

  INSERT INTO amicizia (id_amico1, id_amico2, data_di_inizio)
VALUES
  (1, 2, '2023-08-15'),
  (2, 3, '2023-08-14'),
  (3, 4, '2023-08-13'),
  (4, 5, '2023-08-12'),
  (5, 6, '2023-08-11'),
  (6, 7, '2023-08-10'),
  (7, 8, '2023-08-09'),
  (8, 9, '2023-08-08'),
  (9, 10, '2023-08-07'),
  (10, 11, '2023-08-06'),
  (11, 12, '2023-08-05'),
  (12, 13, '2023-08-04'),
  (13, 14, '2023-08-03'),
  (14, 15, '2023-08-02'),
  (15, 16, '2023-08-01'),
  (16, 17, '2023-07-31'),
  (17, 18, '2023-07-30'),
  (18, 19, '2023-07-29'),
  (19, 20, '2023-07-28'),
  (20, 21, '2023-07-27'),
  (21, 22, '2023-07-26'),
  (22, 23, '2023-07-25'),
  (23, 24, '2023-07-24'),
  (24, 25, '2023-07-23'),
  (25, 26, '2023-07-22'),
  (26, 27, '2023-07-21'),
  (27, 28, '2023-07-20'),
  (28, 29, '2023-07-19'),
  (29, 30, '2023-07-18'),
  (1, 3, '2023-07-17');

  INSERT INTO blog (id_post, id_utente, articolo, data_pubblicazione)
VALUES
  (1, 1, 'Lorem ipsum dolor sit amet, consectetur adipiscing elit.', '2023-08-15'),
  (2, 2, 'Sed ac magna nec nisi vulputate scelerisque.', '2023-08-14'),
  (3, 3, 'Pellentesque habitant morbi tristique senectus et netus et malesuada fames ac turpis egestas.', '2023-08-13'),
  (4, 4, 'Vivamus a diam vel sem condimentum laoreet ac a urna.', '2023-08-12'),
  (5, 5, 'Fusce vel odio nec lectus mollis facilisis.', '2023-08-11');
